player_name,team_abbreviation,age,draft_number,gp,pts,reb,ast,umapX,umapY,ptsNorm,rebNorm,astNorm
Marreese Speights,GSW,28,16,72,7.1,3.3,0.8,6.211188,7.322326,-0.221259938,-0.133292919,-0.584861596
Marvin Williams,CHA,30,2,81,11.7,6.4,1.4,10.587119,6.7478547,0.593387379,1.155612922,-0.24292409
Mason Plumlee,POR,26,22,82,9.1,7.7,2.8,10.854021,7.8650208,0.132934548,1.696121823,0.554930092
Matt Barnes,MEM,36,45,76,10,5.5,2.1,9.977029,6.761984,0.292322066,0.781414452,0.156003001
Michael Carter-Williams,MIL,24,11,54,11.5,5.1,5.2,9.745481,2.8714378,0.557967931,0.615104021,1.922680117
Meyers Leonard,POR,24,11,61,8.4,5.1,1.5,9.116547,7.8484592,0.008966478,0.615104021,-0.185934505
Matthew Dellavedova,CLE,25,Undrafted,76,7.5,2.1,4.4,6.945161,2.7701564,-0.15042104,-0.632224212,1.466763442
Metta World Peace,LAL,36,16,35,5,2.5,0.8,4.7980123,7.0011034,-0.593164147,-0.465913781,-0.584861596
Markieff Morris,WAS,26,13,64,12,5.5,1.9,10.0356,6.4663687,0.646516552,0.781414452,0.042023832
Michael Beasley,HOU,27,2,20,12.8,4.9,0.8,9.47815,6.9288244,0.788194346,0.531948805,-0.584861596
Matt Bonner,SAS,36,45,30,2.5,0.9,0.3,1.3186358,6.560381,-1.035907254,-1.131155505,-0.869809518
Maurice Harkless,POR,23,15,78,6.4,3.6,0.9,6.76966,8.116046,-0.345228007,-0.008560096,-0.527872012
Marcus Morris,DET,26,14,80,14.1,5.1,2.5,9.984524,6.054829,1.018420762,0.615104021,0.383961339
Mario Hezonja,ORL,21,5,79,6.1,2.2,1.4,5.28317,5.655075,-0.39835718,-0.590646604,-0.24292409
Mario Chalmers,MIA,30,34,61,10.3,2.6,3.8,7.7348485,3.0313885,0.345451239,-0.424336173,1.124825936
Marcus Thornton,WAS,29,43,61,9.7,2.5,1.4,6.996496,5.548941,0.239192894,-0.465913781,-0.24292409
Marcus Smart,BOS,22,6,61,9.1,4.2,3,7.5038714,3.5421088,0.132934548,0.240905551,0.668909261
Marco Belinelli,SAC,30,18,68,10.2,1.7,1.9,6.894959,4.8899045,0.327741515,-0.798534643,0.042023832
Marcin Gortat,WAS,32,57,75,13.5,9.9,1.4,11.815333,6.6615777,0.912162416,2.610829193,-0.24292409
Marcelo Huertas,LAL,33,Undrafted,53,4.5,1.7,3.4,5.881545,3.167788,-0.681712769,-0.798534643,0.896867598
Marc Gasol,MEM,31,48,52,16.6,7,3.8,11.505317,5.1016607,1.461163869,1.405078568,1.124825936
Manu Ginobili,SAS,38,57,58,9.6,2.5,3.1,7.168138,3.4345798,0.221483169,-0.465913781,0.725898845
Luol Deng,MIA,31,7,74,12.3,6,1.9,10.291268,6.555719,0.699645725,0.989302491,0.042023832
Luke Babbitt,NOP,27,16,47,7,3.1,1.1,6.106067,7.136811,-0.238969662,-0.216448135,-0.413892843
Markel Brown,BKN,24,44,62,5.9,2,1.5,5.176812,5.559996,-0.433776629,-0.67380182,-0.185934505
Michael Kidd-Gilchrist,CHA,22,2,7,12.7,6.4,1.3,10.687163,6.6673985,0.770484622,1.155612922,-0.299913674
Nemanja Bjelica,MIN,28,35,60,5.1,3.5,1.4,6.462717,7.84088,-0.575454423,-0.050137703,-0.24292409
Mike Dunleavy,CHI,35,3,31,7.2,2.7,1.3,5.937785,5.9649324,-0.203550213,-0.382758566,-0.299913674
Norris Cole,NOP,27,28,45,10.6,3.4,3.7,7.834236,3.2088878,0.398580412,-0.091715311,1.067836351
Norman Powell,TOR,23,46,49,5.6,2.3,1,4.992627,6.332537,-0.486905802,-0.549068997,-0.470882427
Luis Scola,TOR,36,55,76,8.7,4.8,0.9,8.847094,7.690153,0.062095651,0.490371197,-0.527872012
Noah Vonleh,POR,20,9,78,3.6,3.9,0.4,5.450277,8.786117,-0.841100287,0.116172728,-0.812819934
Nikola Vucevic,ORL,25,16,65,18.2,8.9,2.8,11.869238,5.6390123,1.744519457,2.195053116,0.554930092
Nikola Pekovic,MIN,30,31,12,4.5,1.8,0.9,4.126496,5.9829016,-0.681712769,-0.756957035,-0.527872012
Nikola Mirotic,CHI,25,23,66,11.8,5.5,1.5,10.1797085,6.674696,0.611097103,0.781414452,-0.185934505
Nikola Jokic,DEN,21,41,80,10,7,2.4,10.795966,7.730658,0.292322066,1.405078568,0.326971754
Nik Stauskas,PHI,22,8,73,8.5,2.5,1.9,6.729409,4.7942348,0.026676202,-0.465913781,0.042023832
Nicolas Batum,CHA,27,25,70,14.9,6.1,5.8,10.518448,3.0443826,1.160098556,1.030880098,2.264617624
Nick Young,LAL,31,16,54,7.3,1.8,0.6,5.41507,6.052588,-0.185840489,-0.756957035,-0.698840765
Nick Collison,OKC,35,12,59,2.1,2.9,0.9,4.0541573,7.816594,-1.106746151,-0.29960335,-0.527872012
Mike Conley,MEM,28,4,56,15.3,2.9,6.1,10.175139,2.7880723,1.230937453,-0.29960335,2.435586377
Nerlens Noel,PHI,22,6,67,11.1,8.1,1.8,11.05544,7.537962,0.487129034,1.862432254,-0.014965752
Nazr Mohammed,OKC,38,29,5,1.6,0.8,0,-0.018042048,6.870832,-1.195294773,-1.172733113,-1.040778271
Nate Robinson,NOP,32,21,2,0,0,2,3.5209255,4.797408,-1.478650361,-1.505353975,0.099013417
Myles Turner,IND,20,11,60,10.3,5.5,0.7,9.460743,7.450837,0.345451239,0.781414452,-0.641851181
Montrezl Harrell,HOU,22,32,39,3.6,1.7,0.4,2.8764918,6.5309772,-0.841100287,-0.798534643,-0.812819934
Aaron Brooks,CHI,31,26,69,7.1,1.5,2.6,6.1342425,3.5335026,-0.221259938,-0.881689859,0.440950923
Mo Williams,CLE,33,47,41,8.2,1.8,2.4,6.6221547,3.8052795,-0.026452971,-0.756957035,0.326971754
Mitch McGary,OKC,24,21,20,1.3,0.9,0.2,-0.081498615,6.9987817,-1.248423946,-1.131155505,-0.926799103
Mirza Teletovic,PHX,30,Undrafted,79,12.2,3.8,1.1,8.175791,6.203417,0.681936001,0.07459512,-0.413892843
Miles Plumlee,MIL,27,26,61,5.1,3.8,0.3,5.8535776,8.745996,-0.575454423,0.07459512,-0.869809518
Mike Scott,ATL,27,43,75,6.2,2.7,1,5.819555,6.9053826,-0.380647456,-0.382758566,-0.470882427
Mike Muscala,ATL,24,44,60,3.3,2,0.6,2.9053767,6.6638575,-0.89422946,-0.67380182,-0.698840765
Mike Miller,DEN,36,5,47,1.3,1.1,0.9,2.3646507,5.7633767,-1.248423946,-1.04800029,-0.527872012
Nene,WAS,33,7,57,9.2,4.5,1.7,8.639746,7.2135873,0.150644272,0.365638374,-0.071955337
Luis Montero,POR,23,Undrafted,12,1.2,0.3,0.1,0.009917143,6.5576725,-1.26613367,-1.380621152,-0.983788687
Kevin Garnett,MIN,40,5,38,3.2,3.9,1.6,6.0953135,8.126286,-0.911939184,0.116172728,-0.128944921
Luc Mbah a Moute,LAC,29,37,75,3.1,2.3,0.4,3.2249737,7.337194,-0.929648909,-0.549068997,-0.812819934
Kevin Durant,OKC,27,2,72,28.2,8.2,5,11.378445,4.3825445,3.515491885,1.904009861,1.808700949
Kentavious Caldwell-Pope,DET,23,8,76,14.5,3.7,1.8,8.839151,5.2009344,1.089259659,0.033017512,-0.014965752
Kent Bazemore,ATL,26,Undrafted,75,11.6,5.1,2.3,9.982329,6.3496146,0.575677655,0.615104021,0.26998217
Kenneth Faried,DEN,26,22,67,12.5,8.7,1.2,11.520355,6.7985516,0.735065173,2.1118979,-0.356903259
Kendrick Perkins,NOP,31,27,37,2.5,3.5,0.8,5.167326,8.5492,-1.035907254,-0.050137703,-0.584861596
Kendall Marshall,PHI,24,13,30,3.7,0.9,2.4,4.9356055,3.8312986,-0.823390563,-1.131155505,0.326971754
Kemba Walker,CHA,26,9,81,20.9,4.4,5.2,10.764175,3.7965558,2.222682013,0.324060766,1.922680117
Kelly Oubre Jr.,WAS,20,15,63,3.7,2.1,0.2,3.0740514,7.359614,-0.823390563,-0.632224212,-0.926799103
Kelly Olynyk,BOS,25,13,69,10,4.1,1.5,8.458196,6.9279017,0.292322066,0.199327943,-0.185934505
Keith Appling,ORL,24,Undrafted,5,1.2,0.2,0.2,0.018815432,6.552534,-1.26613367,-1.42219876,-0.926799103
Kawhi Leonard,SAS,25,15,72,21.2,6.8,2.6,11.39591,5.275693,2.275811185,1.321923353,0.440950923
Karl-Anthony Towns,MIN,20,1,82,18.3,10.5,2,11.999295,5.9091473,1.762229181,2.86029484,0.099013417
Kevin Love,CLE,27,5,77,16,9.9,2.4,11.9362545,5.9368334,1.354905523,2.610829193,0.326971754
KJ McDaniels,HOU,23,32,37,2.4,1.1,0.3,1.4851801,6.7082787,-1.053616979,-1.04800029,-0.869809518
Justise Winslow,MIA,20,10,78,6.4,5.2,1.5,8.772013,8.249968,-0.345228007,0.656681629,-0.185934505
Justin Holiday,CHI,27,Undrafted,53,4.5,1.7,1.1,4.0975866,5.9287424,-0.681712769,-0.798534643,-0.413892843
Justin Harper,BKN,26,32,5,2.6,0.2,0,0.60234815,6.5324283,-1.01819753,-1.42219876,-1.040778271
Justin Anderson,DAL,22,21,55,3.8,2.4,0.5,3.5573328,7.398945,-0.805680839,-0.507491389,-0.755830349
Julius Randle,LAL,21,7,81,11.3,10.2,1.8,11.766211,6.8626986,0.522548482,2.735562017,-0.014965752
Jrue Holiday,NOP,26,17,65,16.8,3,6,10.318425,3.0108545,1.496583317,-0.258025742,2.378596792
Josh Smith,HOU,30,17,55,6,3.5,1.6,6.897482,7.618313,-0.416066905,-0.050137703,-0.128944921
Josh Richardson,MIA,22,40,52,6.6,2.1,1.4,5.3996253,5.6234727,-0.309808559,-0.632224212,-0.24292409
Josh McRoberts,MIA,29,37,42,3.6,2.5,1.9,4.9470363,4.4939833,-0.841100287,-0.465913781,0.042023832
Josh Huestis,OKC,24,29,5,2.8,2,0,2.4208596,7.6721163,-0.982778081,-0.67380182,-1.040778271
O.J. Mayo,MIL,28,3,41,7.8,2.6,2.9,6.8737926,3.5782654,-0.097291868,-0.424336173,0.611919676
Jose Calderon,NYK,34,Undrafted,72,7.6,3.2,4.1,7.1779523,2.9037592,-0.132711316,-0.174870527,1.295794689
Jusuf Nurkic,DEN,21,16,32,8.2,5.5,1.3,9.311847,7.9211016,-0.026452971,0.781414452,-0.299913674
Lucas Nogueira,TOR,23,16,29,2.2,1.6,0.2,1.8888304,7.3339877,-1.089036427,-0.840112251,-0.926799103
Kevin Martin,SAS,33,26,55,9.3,2,1.1,6.688439,5.731236,0.168353997,-0.67380182,-0.413892843
Kevon Looney,GSW,20,30,5,1.8,2,0,2.366452,7.6621423,-1.159875324,-0.67380182,-1.040778271
Lou Williams,LAL,29,45,67,15.3,2.5,2.5,8.939816,4.6813006,1.230937453,-0.465913781,0.383961339
Lou Amundson,NYK,33,Undrafted,29,1.8,1.7,0.4,1.880788,7.290788,-1.159875324,-0.798534643,-0.812819934
Lorenzo Brown,DET,25,52,8,2.5,0.9,1.4,3.5131032,4.8241076,-1.035907254,-1.131155505,-0.24292409
Leandro Barbosa,GSW,33,28,68,6.4,1.7,1.2,5.119625,5.721161,-0.345228007,-0.798534643,-0.356903259
LeBron James,CLE,31,1,76,25.3,7.4,6.8,11.21822,3.806633,3.001909881,1.571388999,2.834513468
Lavoy Allen,IND,27,50,79,5.4,5.4,1,8.666893,8.608234,-0.52232525,0.739836844,-0.470882427
Larry Nance Jr.,LAL,23,27,63,5.5,5,0.7,8.457332,8.689084,-0.504615526,0.573526413,-0.641851181
Langston Galloway,NYK,24,Undrafted,82,7.6,3.5,2.5,6.974273,4.2430058,-0.132711316,-0.050137703,0.383961339
Lance Thomas,NYK,28,Undrafted,59,8.2,2.2,0.9,6.291678,5.8785076,-0.026452971,-0.590646604,-0.527872012
Lance Stephenson,MEM,25,40,69,8.3,3.2,1.9,6.8218074,4.570464,-0.008743246,-0.174870527,0.042023832
Lamar Patterson,ATL,24,48,35,2.4,1.4,1.1,2.7122931,5.4644203,-1.053616979,-0.923267467,-0.413892843
LaMarcus Aldridge,SAS,30,2,74,18,8.5,1.5,11.72188,5.777369,1.709100009,2.028742685,-0.185934505
Kevin Seraphin,NYK,26,17,48,3.9,2.6,1,4.312942,6.9800043,-0.787971114,-0.424336173,-0.470882427
Kyrie Irving,CLE,24,1,53,19.6,3,4.7,10.567557,3.8416417,1.992455597,-0.258025742,1.637732195
Kyle O'Quinn,NYK,26,49,65,4.8,3.8,1.1,6.137514,8.140201,-0.628583596,0.07459512,-0.413892843
Kyle Lowry,TOR,30,24,77,21.2,4.7,6.4,10.816191,3.4407907,2.275811185,0.44879359,2.60655513
Kyle Korver,ATL,35,51,80,9.2,3.3,2.1,6.840633,4.52106,0.150644272,-0.133292919,0.156003001
Kyle Anderson,SAS,22,30,78,4.5,3.1,1.6,6.398896,7.7378387,-0.681712769,-0.216448135,-0.128944921
Kristaps Porzingis,NYK,20,4,72,14.3,7.3,1.3,11.061288,6.3886156,1.05384021,1.529811392,-0.299913674
Kris Humphries,ATL,31,14,53,6.5,4.1,0.7,7.189501,8.365008,-0.327518283,0.199327943,-0.641851181
Kostas Papanikolaou,DEN,25,48,26,2.6,1.5,0.6,2.3726356,6.224761,-1.01819753,-0.881689859,-0.698840765
Kosta Koufos,SAC,27,23,78,6.8,5.4,0.4,8.718812,8.694135,-0.27438911,0.739836844,-0.812819934
Kobe Bryant,LAL,37,13,66,17.6,3.7,2.8,9.241801,4.7625737,1.638261111,0.033017512,0.554930092
Klay Thompson,GSW,26,11,80,22.1,3.8,2.1,9.422643,4.773843,2.435198704,0.07459512,0.156003001
Kirk Hinrich,ATL,35,7,46,3,1.5,1.6,3.88831,4.5578313,-0.947358633,-0.881689859,-0.128944921
Khris Middleton,MIL,24,39,79,18.2,3.8,4.2,10.459585,3.98173,1.744519457,0.07459512,1.352784273
Kyle Singler,OKC,28,33,68,3.4,2.1,0.4,3.1290858,7.241884,-0.876519736,-0.632224212,-0.812819934
Omer Asik,NOP,29,36,68,4,6.1,0.4,8.520031,8.625838,-0.77026139,1.030880098,-0.812819934
Steve Blake,DET,36,38,58,4.4,1.5,3.4,5.8996596,3.1823735,-0.699422493,-0.881689859,0.896867598
Orlando Johnson,NOP,27,36,7,3.7,2.1,0.3,3.1727114,7.3269973,-0.823390563,-0.632224212,-0.869809518
Tobias Harris,DET,23,19,76,14.7,6.7,2.2,11.00088,5.88569,1.124679107,1.280345745,0.212992585
Timofey Mozgov,CLE,29,Undrafted,76,6.3,4.4,0.4,7.888709,8.688009,-0.362937732,0.324060766,-0.812819934
Tim Hardaway Jr.,ATL,24,24,51,6.4,1.7,1,5.054928,5.844552,-0.345228007,-0.798534643,-0.470882427
Tim Frazier,NOP,25,Undrafted,51,5.1,2.2,3.2,5.981975,3.2157161,-0.575454423,-0.590646604,0.782888429
Tim Duncan,SAS,40,1,61,8.6,7.3,2.7,10.823754,7.819169,0.044385927,1.529811392,0.497940507
Tibor Pleiss,UTA,26,31,12,2,1.3,0.2,1.4733533,7.062771,-1.124455876,-0.964845074,-0.926799103
Tiago Splitter,ATL,31,28,36,5.6,3.3,0.8,5.9983244,7.777928,-0.486905802,-0.133292919,-0.584861596
Thomas Robinson,BKN,25,5,71,4.3,5.1,0.6,8.396045,8.765191,-0.717132217,0.615104021,-0.698840765
Thanasis Antetokounmpo,NYK,23,51,2,3,0.5,0,0.79022276,6.581289,-0.947358633,-1.297465936,-1.040778271
Thaddeus Young,BKN,28,12,73,15.1,9,1.9,11.829878,6.0639277,1.195518005,2.236630724,0.042023832
Thabo Sefolosha,ATL,32,13,75,6.4,4.5,1.4,8.212008,7.8590107,-0.345228007,0.365638374,-0.24292409
Terry Rozier,BOS,22,16,39,1.8,1.6,0.9,2.4956992,5.7766876,-1.159875324,-0.840112251,-0.527872012
Toney Douglas,NOP,30,29,61,8.7,2.3,2.6,6.79394,3.7617078,0.062095651,-0.549068997,0.440950923
Terrence Ross,TOR,25,8,73,9.9,2.5,0.8,6.947609,5.9383216,0.274612342,-0.465913781,-0.584861596
Tayshaun Prince,MIN,36,23,77,2.9,1.9,1,2.7388713,5.9841547,-0.965068357,-0.715379428,-0.470882427
Tarik Black,LAL,24,Undrafted,39,3.4,4,0.4,5.5099688,8.8582,-0.876519736,0.157750335,-0.812819934
Taj Gibson,CHI,31,26,73,8.6,6.9,1.5,10.539603,7.7327504,0.044385927,1.363500961,-0.185934505
TJ Warren,PHX,22,14,47,11,3.1,0.9,7.6925178,6.1119986,0.469419309,-0.216448135,-0.527872012
T.J. McConnell,PHI,24,Undrafted,81,6.1,3.1,4.5,6.9933133,2.7160401,-0.39835718,-0.216448135,1.523753027
Steven Adams,OKC,22,12,80,8,6.7,0.8,10.126688,7.856486,-0.061872419,1.280345745,-0.584861596
Steve Novak,MIL,33,32,10,2.4,0.5,0,0.6677502,6.5467873,-1.053616979,-1.297465936,-1.040778271
Jorge Gutierrez,CHA,27,Undrafted,12,1.8,0.6,1.4,3.4809556,4.8253455,-1.159875324,-1.255888329,-0.24292409
Stephen Curry,GSW,28,7,79,30.1,5.4,6.7,11.05275,3.6250565,3.851976646,0.739836844,2.777523883
Stanley Johnson,DET,20,8,73,8.1,4.2,1.6,8.185547,7.4530034,-0.044162695,0.240905551,-0.128944921
Spencer Hawes,CHA,28,10,57,6,4.3,1.9,7.6798916,7.5977483,-0.416066905,0.282483159,0.042023832
Spencer Dinwiddie,CHI,23,38,12,4.8,1.4,1.8,4.8234205,4.0733547,-0.628583596,-0.923267467,-0.014965752
Terrence Jones,HOU,24,18,50,8.7,4.2,0.8,8.335423,7.2249875,0.062095651,0.240905551,-0.584861596
Sonny Weems,PHX,29,39,43,2.5,1.2,1.1,2.841263,5.36662,-1.035907254,-1.006422682,-0.413892843
Tony Allen,MEM,34,25,64,8.4,4.6,1.1,8.619513,7.613354,0.008966478,0.407215982,-0.413892843
Tony Snell,CHI,24,20,64,5.3,3.1,1,6.1062546,7.5969253,-0.540034975,-0.216448135,-0.470882427
Zach LaVine,MIN,21,13,82,14,2.8,3.1,8.843182,4.380264,1.000711038,-0.341180958,0.725898845
Xavier Munford,MEM,24,Undrafted,14,5.7,2.2,1.6,5.158313,5.5191936,-0.469196077,-0.590646604,-0.128944921
Willie Reed,BKN,26,Undrafted,39,4.7,3.1,0.3,5.43958,7.9691663,-0.64629332,-0.216448135,-0.869809518
Willie Cauley-Stein,SAC,22,6,66,7,5.3,0.6,8.716586,8.615138,-0.238969662,0.698259236,-0.698840765
Will Barton,DEN,25,40,82,14.4,5.8,2.5,10.191368,6.0627847,1.071549935,0.906147275,0.383961339
Wesley Matthews,DAL,29,Undrafted,78,12.5,3.1,1.9,8.595859,5.3992176,0.735065173,-0.216448135,0.042023832
Wesley Johnson,LAC,28,4,80,6.9,3.1,0.6,6.032981,7.365384,-0.256679386,-0.216448135,-0.698840765
Wayne Ellington,BKN,28,28,76,7.7,2.3,1.1,6.035833,5.9002633,-0.115001592,-0.549068997,-0.413892843
Vince Carter,MEM,39,5,60,6.6,2.4,0.9,5.6732006,6.6251235,-0.309808559,-0.507491389,-0.527872012
Victor Oladipo,ORL,24,2,72,16,4.8,3.9,10.490819,4.094117,1.354905523,0.490371197,1.18181552
Udonis Haslem,MIA,36,Undrafted,37,1.6,2,0.4,2.1359644,7.4004164,-1.195294773,-0.67380182,-0.812819934
Tyus Jones,MIN,20,24,37,4.2,1.3,2.9,5.4885354,3.4164162,-0.734841942,-0.964845074,0.611919676
Tony Parker,SAS,34,28,72,11.9,2.4,5.3,9.740637,2.7452664,0.628806828,-0.507491389,1.979669702
Tyson Chandler,PHX,33,2,66,7.2,8.7,1,11.098121,7.4645505,-0.203550213,2.1118979,-0.470882427
Tyler Zeller,BOS,26,17,60,6.1,3,0.5,5.607629,7.5030074,-0.39835718,-0.258025742,-0.755830349
Tyler Johnson,MIA,24,Undrafted,36,8.7,3,2.2,6.8298254,4.479463,0.062095651,-0.258025742,0.212992585
Tyler Hansbrough,CHA,30,13,44,2.4,2,0.2,2.3509328,7.6122336,-1.053616979,-0.67380182,-0.926799103
Tyler Ennis,MIL,21,18,46,4.5,1.6,2.1,4.987821,3.9269161,-0.681712769,-0.840112251,0.156003001
Ty Lawson,IND,28,18,66,5.7,1.8,3.6,6.26484,3.050032,-0.469196077,-0.756957035,1.010846767
Troy Daniels,CHA,24,Undrafted,43,5.6,1.3,0.5,3.5509017,5.9611063,-0.486905802,-0.964845074,-0.755830349
Tristan Thompson,CLE,25,4,82,7.8,9,0.8,11.130658,7.431177,-0.097291868,2.236630724,-0.584861596
Trey Lyles,UTA,20,12,80,6.1,3.7,0.7,6.6997814,8.191123,-0.39835718,0.033017512,-0.641851181
Trey Burke,UTA,23,9,64,10.6,1.8,2.3,6.9223285,4.72659,0.398580412,-0.756957035,0.26998217
Trevor Booker,UTA,28,23,79,5.9,5.7,1.1,8.891853,8.467407,-0.433776629,0.864569667,-0.413892843
Trevor Ariza,HOU,31,43,81,12.7,4.5,2.3,9.781408,6.032684,0.770484622,0.365638374,0.26998217
Tony Wroten,NYK,23,25,8,8.4,2.6,2.5,6.851869,4.080973,0.008966478,-0.424336173,0.383961339
Tyreke Evans,NOP,26,4,25,15.2,5.2,6.6,10.40597,2.9008725,1.213227729,0.656681629,2.720534299
Omri Casspi,SAC,28,23,69,11.8,5.9,1.4,10.421677,6.7247167,0.611097103,0.947724883,-0.24292409
Solomon Hill,IND,25,23,59,4.2,2.8,1,4.3951006,7.154082,-0.734841942,-0.341180958,-0.470882427
Shayne Whittington,IND,25,Undrafted,7,1.6,1.7,0.4,1.9157923,7.2615676,-1.195294773,-0.798534643,-0.812819934
Reggie Jackson,DET,26,24,79,18.8,3.2,6.2,10.566615,3.221098,1.850777803,-0.174870527,2.492575961
Reggie Bullock,DET,25,25,37,3.3,1.8,0.7,2.7895336,6.228132,-0.89422946,-0.756957035,-0.641851181
Raymond Felton,DAL,32,5,80,9.5,3.2,3.6,7.602959,3.1972353,0.203773445,-0.174870527,1.010846767
Ray McCallum,SAS,25,36,41,3.3,1.1,1.5,3.6432796,4.753422,-0.89422946,-1.04800029,-0.185934505
Raul Neto,UTA,24,47,81,5.9,1.5,2.1,5.1685214,3.8475547,-0.433776629,-0.881689859,0.156003001
Rasual Butler,SAS,37,52,46,2.7,1.2,0.5,1.8307221,6.413234,-1.000487806,-1.006422682,-0.755830349
Rashad Vaughn,MIL,19,17,70,3.1,1.3,0.6,2.4889097,6.138847,-0.929648909,-0.964845074,-0.698840765
Randy Foye,OKC,32,7,81,5.9,1.9,2,5.171241,3.9425538,-0.433776629,-0.715379428,0.099013417
Ramon Sessions,WAS,30,56,82,9.9,2.5,2.9,7.0444913,3.568533,0.274612342,-0.465913781,0.611919676
Rakeem Christmas,IND,24,36,1,4,1,0,1.5854696,6.4317875,-0.77026139,-1.089577898,-1.040778271
Rajon Rondo,SAC,30,21,72,11.9,6,11.7,10.708863,2.8812604,0.628806828,0.989302491,5.627003103
RJ Hunter,BOS,22,28,36,2.7,1,0.4,1.5229788,6.5009604,-1.000487806,-1.089577898,-0.812819934
Richard Jefferson,CLE,36,13,74,5.5,1.7,0.8,4.5942326,5.904686,-0.504615526,-0.798534643,-0.584861596
Quincy Acy,SAC,25,37,59,5.2,3.2,0.5,5.6606855,7.8812723,-0.557744699,-0.174870527,-0.755830349
Paul Pierce,LAC,38,10,68,6.1,2.7,1,5.770191,6.8534565,-0.39835718,-0.382758566,-0.470882427
Paul Millsap,ATL,31,47,81,17.1,9,3.3,11.861758,5.5618577,1.54971249,2.236630724,0.839878014
Paul George,IND,26,10,81,23.1,7,4.1,11.383545,4.539204,2.612295947,1.405078568,1.295794689
Pau Gasol,CHI,35,3,72,16.5,11,4.1,11.95439,5.5909553,1.443454144,3.068182879,1.295794689
Patty Mills,SAS,27,55,81,8.5,2,2.8,6.809741,3.5646515,0.026676202,-0.67380182,0.554930092
Patrick Patterson,TOR,27,14,79,6.9,4.3,1.2,8.146369,7.7383313,-0.256679386,0.282483159,-0.356903259
Patrick Beverley,HOU,27,42,71,9.9,3.5,3.4,7.6179404,3.338786,0.274612342,-0.050137703,0.896867598
Pat Connaughton,POR,23,41,34,1.1,0.9,0.3,-0.17436157,7.0258713,-1.283843394,-1.131155505,-0.869809518
Pablo Prigioni,LAC,39,Undrafted,59,2.5,1.9,2.2,4.89663,4.0075836,-1.035907254,-0.715379428,0.212992585
PJ Tucker,PHX,31,35,82,8,6.2,2.2,10.585957,7.8840427,-0.061872419,1.072457706,0.212992585
PJ Hairston,MEM,23,26,66,6.2,2.6,0.6,5.4014816,7.0547366,-0.380647456,-0.424336173,-0.698840765
Otto Porter Jr.,WAS,23,3,75,11.6,5.2,1.6,10.007545,6.587107,0.575677655,0.656681629,-0.128944921
Phil Pressey,POR,25,Undrafted,23,3.3,1.3,3.3,5.6960034,3.2747464,-0.89422946,-0.964845074,0.839878014
Shelvin Mack,UTA,26,34,52,8.6,2.5,3.6,7.212549,3.1823785,0.044385927,-0.465913781,1.010846767
Richaun Holmes,PHI,22,37,51,5.6,2.6,0.6,5.1644535,7.175287,-0.486905802,-0.424336173,-0.698840765
Robert Covington,PHI,25,Undrafted,67,12.8,6.3,1.4,10.676757,6.6319885,0.788194346,1.114035314,-0.24292409
Shaun Livingston,GSW,30,4,78,6.3,2.2,3,6.2109246,3.2862604,-0.362937732,-0.590646604,0.668909261
Shane Larkin,BKN,23,18,78,7.3,2.3,4.4,6.916805,2.8048337,-0.185840489,-0.549068997,1.466763442
Shabazz Napier,ORL,24,24,55,3.7,1,1.8,3.9472833,4.503243,-0.823390563,-1.089577898,-0.014965752
Shabazz Muhammad,MIN,23,14,82,10.5,3.3,0.6,7.7152405,6.1875367,0.380870688,-0.133292919,-0.698840765
Seth Curry,SAC,25,Undrafted,44,6.8,1.4,1.5,5.0853634,5.508548,-0.27438911,-0.923267467,-0.185934505
Sergey Karasev,BKN,22,19,40,2.4,1.5,0.9,2.562855,5.755591,-1.053616979,-0.881689859,-0.527872012
Serge Ibaka,OKC,26,24,78,12.6,6.8,0.8,10.792357,6.66949,0.752774898,1.321923353,-0.584861596
Sean Kilpatrick,BKN,26,Undrafted,31,11.1,1.8,0.9,6.9566064,5.77592,0.487129034,-0.756957035,-0.527872012
Sasha Vujacic,NYK,32,27,61,4.9,2.4,1.4,4.74745,6.0249467,-0.610873872,-0.507491389,-0.24292409
Sasha Kaun,CLE,31,56,25,0.9,1,0.1,-0.08305544,7.056897,-1.319262843,-1.089577898,-0.983788687
Sam Dekker,HOU,22,18,3,0,0.3,0,-0.121916085,6.5222964,-1.478650361,-1.380621152,-1.040778271
Salah Mejri,DAL,30,Undrafted,34,3.7,3.6,0.3,5.455627,8.788698,-0.823390563,-0.008560096,-0.869809518
Ricky Rubio,MIN,25,5,76,10.1,4.3,8.7,10.342202,2.7740493,0.310031791,0.282483159,3.917315571
Ryan Kelly,LAL,25,48,36,4.2,3.4,0.6,5.495406,8.422229,-0.734841942,-0.091715311,-0.698840765
Ryan Anderson,NOP,28,21,66,17,6,1.1,11.1868305,5.8032403,1.532002766,0.989302491,-0.413892843
Russell Westbrook,OKC,27,4,80,23.5,7.8,10.4,10.879849,3.0132256,2.683134844,1.73769943,4.886138506
Russ Smith,MEM,25,47,15,1.5,0.6,0.7,0.9323187,6.385275,-1.213004497,-1.255888329,-0.641851181
Rudy Gobert,UTA,24,27,61,9.1,11,1.5,11.818873,6.996969,0.132934548,3.068182879,-0.185934505
Rudy Gay,SAC,29,8,70,17.2,6.5,1.7,11.254907,5.7168837,1.567422214,1.197190529,-0.071955337
Roy Hibbert,LAL,29,17,81,5.9,4.9,1.2,8.655987,8.31924,-0.433776629,0.531948805,-0.356903259
Ronnie Price,PHX,33,Undrafted,62,5.3,1.6,2.4,5.182042,3.7226174,-0.540034975,-0.840112251,0.326971754
Rondae Hollis-Jefferson,BKN,21,23,29,5.8,5.3,1.5,8.758197,8.314051,-0.451486353,0.698259236,-0.185934505
Rodney Stuckey,IND,30,15,58,8.9,2.7,2.4,6.8555436,4.138832,0.097515099,-0.382758566,0.326971754
Rodney Hood,UTA,23,23,79,14.5,3.4,2.7,8.99951,4.638485,1.089259659,-0.091715311,0.497940507
Robin Lopez,NYK,28,15,82,10.3,7.3,1.4,10.743976,7.528395,0.345451239,1.529811392,-0.24292409
Robert Sacre,LAL,27,60,25,3.5,2.9,0.6,4.1204815,7.674539,-0.858810012,-0.29960335,-0.698840765
Ryan Hollins,MEM,31,50,37,3.4,2.6,0.3,3.5622213,7.510046,-0.876519736,-0.424336173,-0.869809518
Jordan Mickey,BOS,21,33,16,1.3,0.8,0.1,-0.0783145,6.926987,-1.248423946,-1.172733113,-0.983788687
Brian Roberts,POR,30,Undrafted,51,4,0.8,1.1,3.3560271,5.322292,-0.77026139,-1.172733113,-0.413892843
Jordan Hill,IND,28,8,73,8.8,6.2,1.2,9.929302,7.7789774,0.079805375,1.072457706,-0.356903259
Emmanuel Mudiay,DEN,20,7,68,12.8,3.4,5.5,9.936772,2.8091063,0.788194346,-0.091715311,2.093648871
Enes Kanter,OKC,24,3,82,12.7,8.1,0.4,11.384967,6.7752323,0.770484622,1.862432254,-0.812819934
Eric Bledsoe,PHX,26,18,31,20.4,4,6.1,10.794091,3.4651146,2.134133391,0.157750335,2.435586377
Eric Gordon,NOP,27,7,45,15.2,2.2,2.7,8.909685,4.6236463,1.213227729,-0.590646604,0.497940507
Eric Moreland,SAC,24,Undrafted,8,1,1.4,0.1,0.03999947,7.2495193,-1.301553118,-0.923267467,-0.983788687
Erick Green,DEN,25,46,9,1.4,0.7,0.3,-0.12015369,6.891861,-1.230714221,-1.214310721,-0.869809518
Ersan Ilyasova,ORL,29,36,74,10.4,5.4,0.9,9.434233,7.3462114,0.363160964,0.739836844,-0.527872012
Evan Fournier,ORL,23,20,79,15.4,2.8,2.7,8.922516,4.5971503,1.248647177,-0.341180958,0.497940507
Evan Turner,BOS,27,2,81,10.5,4.9,4.4,8.211004,3.2079778,0.380870688,0.531948805,1.466763442
Festus Ezeli,GSW,26,30,46,7,5.6,0.7,8.853445,8.505102,-0.238969662,0.82299206,-0.641851181
Frank Kaminsky,CHA,23,9,81,7.5,4.1,1.2,8.110273,7.6253705,-0.15042104,0.199327943,-0.356903259
Garrett Temple,WAS,30,Undrafted,80,7.3,2.7,1.8,6.424858,4.962466,-0.185840489,-0.382758566,-0.014965752
Gary Harris,DEN,21,19,76,12.3,2.9,1.9,8.500521,5.378121,0.699645725,-0.29960335,0.042023832
Gary Neal,WAS,31,Undrafted,40,9.8,2.1,1.2,6.8174014,5.6967497,0.256902618,-0.632224212,-0.356903259
George Hill,IND,30,26,74,12.1,4,3.5,8.054869,3.3565943,0.664226276,0.157750335,0.953857183
Gerald Green,MIA,30,18,69,8.9,2.4,0.8,6.7260756,5.9563155,0.097515099,-0.507491389,-0.584861596
Gerald Henderson,POR,28,12,72,8.7,2.9,1,6.826526,6.0694475,0.062095651,-0.29960335,-0.470882427
Giannis Antetokounmpo,MIL,21,15,80,16.9,7.7,4.3,11.525848,4.9727316,1.514293042,1.696121823,1.409773858
Glenn Robinson III,IND,22,40,45,3.8,1.5,0.6,2.9006047,6.0572286,-0.805680839,-0.881689859,-0.698840765
Goran Dragic,MIA,30,45,72,14.1,3.8,5.8,10.102467,2.8990335,1.018420762,0.07459512,2.264617624
Gordon Hayward,UTA,26,9,80,19.7,5,3.7,10.62253,4.1122265,2.010165321,0.573526413,1.067836351
Gorgui Dieng,MIN,26,21,82,10.1,7.1,1.7,10.668019,7.6758,0.310031791,1.446656176,-0.071955337
Greg Monroe,MIL,26,7,79,15.3,8.8,2.3,11.768385,5.7756567,1.230937453,2.153475508,0.26998217
Greg Smith,MIN,25,Undrafted,18,2.4,2.3,0.3,2.6631248,7.498445,-1.053616979,-0.549068997,-0.869809518
Greivis Vasquez,MIL,29,28,23,5.7,2,4,6.4564996,2.9347608,-0.469196077,-0.67380182,1.238805105
Elton Brand,PHI,37,1,17,4.1,3.7,1.1,6.0433755,8.161245,-0.752551666,0.033017512,-0.413892843
Elliot Williams,CHA,27,22,5,1.6,0.8,0.8,1.2254543,6.2489414,-1.195294773,-1.172733113,-0.584861596
Elijah Millsap,UTA,28,Undrafted,20,1.8,1.8,1,2.560391,5.823685,-1.159875324,-0.756957035,-0.470882427
Elfrid Payton,ORL,22,10,73,10.7,3.6,6.4,10.1478615,2.7242842,0.416290136,-0.008560096,2.60655513
DeMarcus Cousins,SAC,25,5,65,26.9,11.5,3.3,11.896614,5.4423018,3.285265469,3.276070918,0.839878014
DeMarre Carroll,TOR,29,27,26,11,4.7,1,9.228932,7.052849,0.469419309,0.44879359,-0.470882427
Delon Wright,TOR,24,20,27,3.8,1.4,1.1,3.4299455,5.5634565,-0.805680839,-0.923267467,-0.413892843
Dennis Schroder,ATL,22,17,80,11,2.6,4.4,7.895677,2.9835565,0.469419309,-0.424336173,1.466763442
Deron Williams,DAL,32,3,65,14.1,2.9,5.8,10.029353,2.7948985,1.018420762,-0.29960335,2.264617624
Derrick Favors,UTA,24,3,62,16.4,8.1,1.5,11.581669,5.93804,1.42574442,1.862432254,-0.185934505
Derrick Rose,CHI,27,1,66,16.4,3.4,4.7,10.31687,3.7160704,1.42574442,-0.091715311,1.637732195
Derrick Williams,NYK,25,2,80,9.3,3.7,0.9,8.201315,6.845071,0.168353997,0.033017512,-0.527872012
Devin Booker,PHX,19,13,76,13.8,2.5,2.6,8.840985,4.5864124,0.965291589,-0.465913781,0.440950923
Devin Harris,DAL,33,5,64,7.6,2.2,1.8,6.3104978,5.0838413,-0.132711316,-0.590646604,-0.014965752
Devyn Marble,ORL,23,56,28,2.1,1.4,0.4,1.6883333,7.062724,-1.106746151,-0.923267467,-0.812819934
Dewayne Dedmon,ORL,26,Undrafted,58,4.4,3.9,0.2,5.7245693,8.847347,-0.699422493,0.116172728,-0.926799103
Harrison Barnes,GSW,24,7,66,11.7,4.9,1.8,9.82557,6.446997,0.593387379,0.531948805,-0.014965752
Dion Waiters,OKC,24,4,78,9.8,2.6,2,6.9878697,4.8547215,0.256902618,-0.424336173,0.099013417
Donald Sloan,BKN,28,Undrafted,61,7,2.8,4.4,6.9918814,2.7344067,-0.238969662,-0.341180958,1.466763442
Donatas Motiejunas,HOU,25,20,37,6.2,2.9,1.1,6.0182624,7.126745,-0.380647456,-0.29960335,-0.413892843
Doug McDermott,CHI,24,11,81,9.4,2.4,0.7,6.840924,5.9683475,0.186063721,-0.507491389,-0.641851181
Draymond Green,GSW,26,35,81,14,9.5,7.4,10.578198,3.1251824,1.000711038,2.444518762,3.176450974
Drew Gooden,WAS,34,4,30,2.7,2.8,0.4,3.83081,7.8114944,-1.000487806,-0.341180958,-0.812819934
Duje Dukan,SAC,24,Undrafted,1,6,4,1,7.0298223,8.270051,-0.416066905,0.157750335,-0.470882427
Dwight Howard,HOU,30,1,71,13.7,11.8,1.4,11.959312,6.6653776,0.947581865,3.400803741,-0.24292409
Dwight Powell,DAL,24,45,69,5.8,4,0.6,7.037585,8.432762,-0.451486353,0.157750335,-0.698840765
Dwyane Wade,MIA,34,5,74,19,4.1,4.6,10.611058,3.8997414,1.886197251,0.199327943,1.580742611
E'Twaun Moore,CHI,27,55,59,7.5,2.3,1.7,6.1971264,5.198839,-0.15042104,-0.549068997,-0.071955337
Ed Davis,POR,27,13,81,6.5,7.4,1.1,10.52325,7.701804,-0.327518283,1.571388999,-0.413892843
Edy Tavares,ATL,24,43,11,2.3,1.9,0.3,2.295123,7.5270805,-1.071326703,-0.715379428,-0.869809518
Dirk Nowitzki,DAL,38,9,75,18.3,6.5,1.8,11.2615185,5.601172,1.762229181,1.197190529,-0.014965752
Hassan Whiteside,MIA,27,33,73,14.2,11.8,0.4,11.968624,6.620532,1.036130486,3.400803741,-0.812819934
Henry Sims,BKN,26,Undrafted,14,6.5,5.1,0.6,8.630325,8.614876,-0.327518283,0.615104021,-0.698840765
Hollis Thompson,PHI,25,Undrafted,77,9.8,3.5,1.3,8.093657,6.661999,0.256902618,-0.050137703,-0.299913674
Jarell Martin,MEM,22,25,27,5.7,3.2,0.6,5.769021,7.746693,-0.469196077,-0.174870527,-0.698840765
Jarnell Stokes,MEM,22,35,7,1,0.6,0.1,-0.16949601,6.8135233,-1.301553118,-1.255888329,-0.983788687
Jarrett Jack,BKN,32,22,32,12.8,4.3,7.4,10.372756,2.7843044,0.788194346,0.282483159,3.176450974
Jason Smith,ORL,30,20,76,7.2,2.9,0.8,6.0816674,7.169391,-0.203550213,-0.29960335,-0.584861596
Jason Terry,HOU,38,10,72,5.9,1.1,1.4,4.824581,5.4149094,-0.433776629,-1.04800029,-0.24292409
Jason Thompson,TOR,29,12,47,3.1,2.9,0.6,4.016382,7.787601,-0.929648909,-0.29960335,-0.698840765
Jeff Ayres,LAC,29,31,17,1.8,1.3,0.3,1.5914133,7.1387405,-1.159875324,-0.964845074,-0.869809518
Jeff Green,LAC,29,5,80,11.7,4.2,1.7,9.184157,6.288158,0.593387379,0.240905551,-0.071955337
Jeff Teague,ATL,28,19,79,15.7,2.7,5.9,10.121343,2.8889072,1.30177635,-0.382758566,2.321607208
Jeff Withey,UTA,26,39,51,4.3,3.4,0.4,5.480903,8.539635,-0.717132217,-0.091715311,-0.812819934
Jerami Grant,PHI,22,39,77,9.7,4.7,1.8,8.958553,7.051034,0.239192894,0.44879359,-0.014965752
Jeremy Evans,DAL,28,55,30,2.4,1.8,0.1,2.3456283,7.6609716,-1.053616979,-0.756957035,-0.983788687
Jarell Eddie,WAS,24,Undrafted,26,2.4,0.9,0.2,1.1689708,6.6889963,-1.053616979,-1.131155505,-0.926799103
Jeremy Lamb,CHA,24,12,66,8.8,3.8,1.2,8.228063,6.951483,0.079805375,0.07459512,-0.356903259
Jerian Grant,NYK,23,19,76,5.6,1.9,2.3,5.2469954,3.74981,-0.486905802,-0.715379428,0.26998217
Jerryd Bayless,MIL,27,11,52,10.4,2.7,3.1,7.4624677,3.3439777,0.363160964,-0.382758566,0.725898845
Jimmer Fredette,SAS,27,10,6,1.5,0,0.2,0.15635684,6.493376,-1.213004497,-1.505353975,-0.926799103
Jimmy Butler,CHI,26,30,67,20.9,5.3,4.8,10.800091,4.015012,2.222682013,0.698259236,1.69472178
Joakim Noah,CHI,31,9,29,4.3,8.8,3.8,10.843035,7.8559756,-0.717132217,2.153475508,1.124825936
Jodie Meeks,DET,28,41,3,7.3,1.7,1,5.4675503,5.886237,-0.185840489,-0.798534643,-0.470882427
Joe Harris,CLE,24,33,5,0.6,0.6,0.4,-0.1970992,6.7900524,-1.372392016,-1.255888329,-0.812819934
Joe Ingles,UTA,28,Undrafted,81,4.2,1.9,1.2,4.156682,5.983965,-0.734841942,-0.715379428,-0.356903259
Joe Johnson,MIA,35,10,81,12.2,3.6,3.9,8.045435,3.3186796,0.681936001,-0.008560096,1.18181552
Joe Young,IND,24,43,41,3.8,1.2,1.6,3.806506,4.626196,-0.805680839,-1.006422682,-0.128944921
Joel Anthony,DET,33,Undrafted,19,0.9,1.1,0.1,-0.052859325,7.181171,-1.319262843,-1.04800029,-0.983788687
Zach Randolph,MEM,34,19,68,15.3,7.8,2.1,11.523735,5.7993307,1.230937453,1.73769943,0.156003001
Jeremy Lin,CHA,27,Undrafted,78,11.7,3.2,3,7.8510647,3.4223583,0.593387379,-0.174870527,0.668909261
DeMar DeRozan,TOR,26,9,78,23.5,4.5,4,10.701763,4.001954,2.683134844,0.365638374,1.238805105
Jared Sullinger,BOS,24,21,81,10.3,8.3,2.3,11.046303,7.677009,0.345451239,1.945587469,0.26998217
Jared Cunningham,CLE,25,24,44,2.7,0.9,0.5,1.3732014,6.475451,-1.000487806,-1.131155505,-0.755830349
Ian Clark,GSW,25,Undrafted,66,3.6,1,1,3.253783,5.4271746,-0.841100287,-1.089577898,-0.470882427
Ian Mahinmi,IND,29,28,71,9.3,7.1,1.5,10.609291,7.615424,0.168353997,1.446656176,-0.185934505
Iman Shumpert,CLE,26,17,54,5.8,3.8,1.7,7.5121183,7.5876737,-0.451486353,0.07459512,-0.071955337
Isaiah Canaan,PHI,25,34,77,11,2.3,1.8,7.1618915,5.0599165,0.469419309,-0.549068997,-0.014965752
Isaiah Thomas,BOS,27,60,82,22.2,3,6.2,10.880552,3.3948634,2.452908428,-0.258025742,2.492575961
Ish Smith,PHI,27,Undrafted,77,12.6,4,6.5,10.321086,2.6892986,0.752774898,0.157750335,2.663544714
J.J. Barea,DAL,32,Undrafted,74,10.9,2.1,4.1,7.8777747,2.9053605,0.451709585,-0.632224212,1.295794689
JJ Hickson,WAS,27,19,35,5.9,3.8,0.7,6.892683,8.392108,-0.433776629,0.07459512,-0.641851181
JJ O'Brien,UTA,24,Undrafted,2,0,0.5,0,-0.3014986,6.6630545,-1.478650361,-1.297465936,-1.040778271
JJ Redick,LAC,32,11,75,16.3,1.9,1.4,8.809705,4.7767963,1.408034696,-0.715379428,-0.24292409
JR Smith,CLE,30,18,77,12.4,2.8,1.7,8.382799,5.373337,0.717355449,-0.341180958,-0.071955337
JaKarr Sampson,DEN,23,Undrafted,73,5.1,2.6,0.6,4.99211,7.241533,-0.575454423,-0.424336173,-0.698840765
Jared Dudley,WAS,30,22,81,7.9,3.5,2.1,6.9047794,4.4881077,-0.079582143,-0.050137703,0.156003001
JaMychal Green,MEM,26,Undrafted,78,7.4,4.8,0.9,8.589973,8.0919895,-0.168130765,0.490371197,-0.527872012
Jabari Parker,MIL,21,2,76,14.1,5.2,1.7,10.061098,6.1717644,1.018420762,0.656681629,-0.071955337
Jae Crowder,BOS,25,34,73,14.2,5.1,1.8,10.045324,6.195785,1.036130486,0.615104021,-0.014965752
Jahlil Okafor,PHI,20,3,53,17.5,7,1.2,11.287617,5.7836423,1.620551387,1.405078568,-0.356903259
Jamal Crawford,LAC,36,8,79,14.2,1.8,2.3,8.846701,4.658736,1.036130486,-0.756957035,0.26998217
Jameer Nelson,DEN,34,20,39,7.7,2.9,4.9,7.0279756,2.674337,-0.115001592,-0.29960335,1.751711364
James Anderson,SAC,27,20,51,3.5,1.7,0.8,2.946644,6.0869904,-0.858810012,-0.798534643,-0.584861596
James Ennis III,NOP,25,50,22,7.2,1.9,1,5.487896,5.964884,-0.203550213,-0.715379428,-0.470882427
James Harden,HOU,26,3,82,29,6.1,7.5,11.007342,3.5408576,3.657169679,1.030880098,3.233440558
James Johnson,TOR,29,16,57,5,2.2,1.2,4.662173,6.14051,-0.593164147,-0.590646604,-0.356903259
James Jones,CLE,35,49,48,3.7,1,0.3,1.6643701,6.369876,-0.823390563,-1.089577898,-0.869809518
James Michael McAdoo,GSW,23,Undrafted,41,2.9,1.4,0.4,2.0285342,6.447331,-0.965068357,-0.923267467,-0.812819934
James Young,BOS,20,17,29,1,0.9,0.3,-0.17707518,7.047458,-1.301553118,-1.131155505,-0.869809518
JaVale McGee,DAL,28,18,34,5.1,3.9,0.1,5.7798,8.827791,-0.575454423,0.116172728,-0.983788687
DeJuan Blair,WAS,27,37,29,2.1,2,0.4,2.2803195,7.4383597,-1.106746151,-0.67380182,-0.812819934
DeAndre Jordan,LAC,27,35,77,12.7,13.8,1.2,11.958962,6.6772943,0.770484622,4.232355896,-0.356903259
David West,SAS,35,18,78,7.1,4,1.8,7.7806377,7.4861026,-0.221259938,0.157750335,-0.014965752
Andre Drummond,DET,22,9,81,16.2,14.8,0.8,11.957387,6.591365,1.390324972,4.648131974,-0.584861596
Andre Iguodala,GSW,32,9,65,7,4,3.4,7.3663764,3.5704587,-0.238969662,0.157750335,0.896867598
Andre Miller,SAS,40,8,39,3.7,1.3,2.2,4.8689413,3.9072132,-0.823390563,-0.964845074,0.212992585
Andre Roberson,OKC,24,26,70,4.8,3.6,0.7,5.8587403,8.437724,-0.628583596,-0.008560096,-0.641851181
Andrea Bargnani,BKN,30,1,46,6.6,2.1,0.4,5.2825923,6.5461116,-0.309808559,-0.632224212,-0.812819934
Andrew Bogut,GSW,31,1,70,5.4,7,2.3,10.709586,7.9365697,-0.52232525,1.405078568,0.26998217
Andrew Goudelock,HOU,27,46,8,2.8,0.3,0.5,0.99633986,6.4501514,-0.982778081,-1.380621152,-0.755830349
Andrew Nicholson,ORL,26,19,56,6.9,3.6,0.4,6.6863823,8.204717,-0.256679386,-0.008560096,-0.812819934
Andrew Wiggins,MIN,21,1,81,20.7,3.6,2,9.344669,4.7775145,2.187262564,-0.008560096,0.099013417
Anthony Bennett,TOR,23,1,19,1.5,1.2,0,0.012157836,7.1974177,-1.213004497,-1.006422682,-1.040778271
Anthony Brown,LAL,23,34,29,4,2.4,0.7,4.172681,7.2444186,-0.77026139,-0.507491389,-0.641851181
Anthony Davis,NOP,23,1,61,24.3,10.3,1.9,11.960391,5.715727,2.824812638,2.777139625,0.042023832
Anderson Varejao,GSW,33,30,53,2.6,2.7,0.7,3.8923464,7.832542,-1.01819753,-0.382758566,-0.641851181
Anthony Morrow,OKC,30,Undrafted,68,5.6,0.9,0.4,3.3295827,5.8754044,-0.486905802,-1.131155505,-0.812819934
Archie Goodwin,PHX,21,29,57,8.9,2.5,2.1,6.8117085,4.608502,0.097515099,-0.465913781,0.156003001
Aron Baynes,DET,29,Undrafted,81,6.3,4.7,0.6,8.277361,8.65603,-0.362937732,0.44879359,-0.698840765
Arron Afflalo,NYK,30,27,71,12.8,3.7,2,8.766133,5.4394627,0.788194346,0.033017512,0.099013417
Austin Rivers,LAC,23,10,67,8.9,1.9,1.5,6.629903,5.4847775,0.097515099,-0.715379428,-0.185934505
Avery Bradley,BOS,25,19,76,15.2,2.9,2.1,8.913539,4.864325,1.213227729,-0.29960335,0.156003001
Axel Toupane,DEN,23,Undrafted,21,3.6,1.5,0.7,2.986318,5.9787164,-0.841100287,-0.881689859,-0.641851181
Ben McLemore,SAC,23,7,68,7.8,2.2,1.2,6.0506163,5.838926,-0.097291868,-0.590646604,-0.356903259
Beno Udrih,MEM,33,28,44,4.7,1.6,2.6,5.329942,3.5750375,-0.64629332,-0.840112251,0.440950923
Bismack Biyombo,TOR,23,7,82,5.5,8,0.4,10.831998,7.502732,-0.504615526,1.820854646,-0.812819934
Blake Griffin,LAC,27,1,35,21.4,8.4,4.9,11.483255,4.6023946,2.311230634,1.987165077,1.751711364
Boban Marjanovic,SAS,27,Undrafted,54,5.5,3.6,0.4,6.124156,8.585749,-0.504615526,-0.008560096,-0.812819934
Bobby Portis,CHI,21,22,62,7,5.4,0.8,8.81908,8.487845,-0.238969662,0.739836844,-0.584861596
Anthony Tolliver,DET,31,Undrafted,72,5.3,3.2,0.7,5.8295455,7.7661557,-0.540034975,-0.174870527,-0.641851181
Bojan Bogdanovic,BKN,27,31,79,11.2,3.2,1.3,7.8606462,6.019213,0.504838758,-0.174870527,-0.299913674
Amir Johnson,BOS,29,56,79,7.3,6.4,1.7,10.458097,7.8441806,-0.185840489,1.155612922,-0.071955337
Alonzo Gee,NOP,29,Undrafted,73,4.5,3.4,1,6.0289307,8.183429,-0.681712769,-0.091715311,-0.470882427
Jordan Hamilton,NOP,25,26,11,11.4,5.6,2.3,10.00115,6.4457455,0.540258206,0.82299206,0.26998217
Jordan Farmar,MEM,29,26,12,9.2,2.1,3.1,6.956582,3.4811523,0.150644272,-0.632224212,0.725898845
Jordan Clarkson,LAL,24,46,79,15.5,4,2.4,9.12342,4.994737,1.266356902,0.157750335,0.326971754
Jordan Adams,MEM,21,22,2,3.5,1,1.5,3.7127986,4.6999803,-0.858810012,-1.089577898,-0.185934505
Jonathon Simmons,SAS,26,Undrafted,55,6,1.7,1.1,4.9269676,5.845614,-0.416066905,-0.798534643,-0.413892843
Jonas Valanciunas,TOR,24,5,60,12.8,9.1,0.7,11.533417,6.7585893,0.788194346,2.278208331,-0.641851181
Jonas Jerebko,BOS,29,39,78,4.4,3.7,0.8,5.7342386,8.40962,-0.699422493,0.033017512,-0.584861596
Jon Leuer,PHX,27,40,67,8.5,5.6,1.1,9.393333,7.8429184,0.026676202,0.82299206,-0.413892843
Johnny O'Bryant III,MIL,23,36,66,3,2.7,0.5,3.7855332,7.6482854,-0.947358633,-0.382758566,-0.755830349
John Wall,WAS,25,1,77,19.9,4.9,10.2,10.773195,2.9341447,2.04558477,0.531948805,4.772159337
John Jenkins,PHX,25,23,43,4.1,1.3,0.8,3.2253046,5.765551,-0.752551666,-0.964845074,-0.584861596
John Henson,MIL,25,14,57,7,3.9,0.9,7.1206393,8.164218,-0.238969662,0.116172728,-0.527872012
Amar'e Stoudemire,MIA,33,9,52,5.8,4.3,0.5,7.721941,8.658995,-0.451486353,0.282483159,-0.755830349
Joffrey Lauvergne,DEN,24,55,59,7.9,4.9,0.9,8.785578,7.8924775,-0.079582143,0.531948805,-0.527872012
Aaron Harrison,CHA,21,Undrafted,21,0.9,0.7,0.1,-0.22538818,6.85224,-1.319262843,-1.214310721,-0.983788687
Adreian Payne,MIN,25,15,52,2.5,2.1,0.6,2.6748114,7.0393667,-1.035907254,-0.632224212,-0.698840765
Al Horford,ATL,30,3,82,15.2,7.3,3.2,11.509584,5.3036256,1.213227729,1.529811392,0.782888429
Al Jefferson,CHA,31,15,47,12,6.4,1.5,10.641366,6.748384,0.646516552,1.155612922,-0.185934505
Al-Farouq Aminu,POR,25,8,82,10.2,6.1,1.7,10.383199,7.083538,0.327741515,1.030880098,-0.071955337
Alan Anderson,WAS,33,Undrafted,13,5,2.1,1.1,4.545253,6.1241665,-0.593164147,-0.632224212,-0.413892843
Alan Williams,PHX,23,Undrafted,10,2.9,3.8,0.5,5.315245,8.703393,-0.965068357,0.07459512,-0.755830349
Alec Burks,UTA,24,12,31,13.3,3.5,2,8.675675,5.3062963,0.876742968,-0.050137703,0.099013417
Alex Len,PHX,23,5,78,9,7.6,1.2,10.693177,7.57128,0.115224824,1.654544215,-0.356903259
Alex Stepheson,MEM,28,Undrafted,8,2.8,3.5,0.3,5.3196673,8.742063,-0.982778081,-0.050137703,-0.869809518
Alexis Ajinca,NOP,28,20,59,6,4.6,0.5,8.099544,8.7237,-0.416066905,0.407215982,-0.755830349
Allen Crabbe,POR,24,31,81,10.3,2.7,1.2,7.2613034,5.864112,0.345451239,-0.382758566,-0.356903259
Aaron Gordon,ORL,20,4,78,9.2,6.5,1.6,10.505565,7.692469,0.150644272,1.197190529,-0.128944921
Jordan McRae,CLE,25,58,22,4.5,0.9,1.1,3.3980615,5.370631,-0.681712769,-1.131155505,-0.413892843
Boris Diaw,SAS,34,21,76,6.4,3.1,2.3,6.8966064,4.326043,-0.345228007,-0.216448135,0.26998217
Brandan Wright,MEM,28,8,12,6.9,3.6,0.5,6.66304,8.133958,-0.256679386,-0.008560096,-0.755830349
Christian Wood,PHI,20,Undrafted,17,3.6,2.2,0.2,3.0786154,7.402467,-0.841100287,-0.590646604,-0.926799103
Chuck Hayes,LAC,33,Undrafted,2,2,4,1,5.385328,8.599313,-1.124455876,0.157750335,-0.470882427
Cleanthony Early,NYK,25,34,17,1.8,1.5,0.4,1.8432512,7.2550697,-1.159875324,-0.881689859,-0.812819934
Cliff Alexander,POR,20,Undrafted,8,1.3,0.8,0,-0.0417437,6.8751926,-1.248423946,-1.172733113,-1.040778271
Clint Capela,HOU,22,25,77,7,6.4,0.6,9.538552,8.221357,-0.238969662,1.155612922,-0.698840765
Cody Zeller,CHA,23,4,73,8.7,6.2,1,9.828107,7.8172774,0.062095651,1.072457706,-0.470882427
Cole Aldrich,LAC,27,11,60,5.5,4.8,0.8,8.371316,8.698183,-0.504615526,0.490371197,-0.584861596
Corey Brewer,HOU,30,7,82,7.2,2.4,1.3,5.869204,5.737994,-0.203550213,-0.507491389,-0.299913674
Cory Jefferson,PHX,25,60,8,2.8,2,0,2.3747852,7.6718073,-0.982778081,-0.67380182,-1.040778271
Cory Joseph,TOR,24,29,80,8.5,2.6,3.1,7.0465894,3.4278648,0.026676202,-0.424336173,0.725898845
Coty Clarke,BOS,23,Undrafted,3,2,0.3,0,0.40069097,6.544616,-1.124455876,-1.380621152,-1.040778271
Courtney Lee,CHA,30,22,79,9.6,2.6,1.7,7.0152426,5.028216,0.221483169,-0.424336173,-0.071955337
Chris Paul,LAC,31,4,74,19.5,4.2,10,10.74704,2.8992667,1.974745873,0.240905551,4.658180168
Cristiano Felicio,CHI,23,Undrafted,31,3.4,3.3,0.8,5.2612286,8.351964,-0.876519736,-0.133292919,-0.584861596
D.J. Augustin,DEN,28,9,62,7.5,1.5,3.2,6.3700886,3.2643123,-0.15042104,-0.881689859,0.782888429
Dahntay Jones,CLE,35,20,1,13,5,2,9.996639,6.2362976,0.823613795,0.573526413,0.099013417
Damian Lillard,POR,25,6,75,25.1,4,6.8,10.960758,3.504199,2.966490432,0.157750335,2.834513468
Damien Inglis,MIL,21,31,20,1.8,1.6,0.5,1.893075,7.2023315,-1.159875324,-0.840112251,-0.755830349
Damjan Rudez,MIN,30,Undrafted,33,2.3,0.6,0.3,0.9702844,6.536474,-1.071326703,-1.255888329,-0.869809518
Danilo Gallinari,DEN,27,6,53,19.5,5.3,2.5,11.163759,5.279374,1.974745873,0.698259236,0.383961339
Danny Green,SAS,29,46,79,7.2,3.8,1.8,7.7870636,7.454565,-0.203550213,0.07459512,-0.014965752
Dante Cunningham,NOP,29,33,80,6.1,3,1,5.9917407,7.2863536,-0.39835718,-0.258025742,-0.470882427
Darrell Arthur,DEN,28,27,70,7.5,4.2,1.4,8.236905,7.583307,-0.15042104,0.240905551,-0.24292409
Darren Collison,SAC,28,21,74,14,2.3,4.3,8.951611,3.0668414,1.000711038,-0.549068997,1.409773858
Darrun Hilliard,DET,23,38,38,4,1.2,0.7,3.1310294,5.780373,-0.77026139,-1.006422682,-0.641851181
David Lee,DAL,33,30,55,7.8,5.5,1.5,9.2667,7.9753795,-0.097291868,0.781414452,-0.185934505
D'Angelo Russell,LAL,20,2,80,13.2,3.4,3.3,8.254687,3.5854006,0.859033243,-0.091715311,0.839878014
Bradley Beal,WAS,23,3,55,17.4,3.4,2.9,9.225498,4.6469398,1.602841663,-0.091715311,0.611919676
Chris McCullough,BKN,21,29,24,4.7,2.8,0.4,5.0905623,7.518676,-0.64629332,-0.341180958,-0.812819934
Chris Johnson,UTA,26,Undrafted,70,2.9,1.9,0.6,2.7559583,6.627683,-0.965068357,-0.715379428,-0.698840765
Branden Dawson,LAC,23,56,6,0.8,0.7,0,-0.22276531,6.840799,-1.336972567,-1.214310721,-1.040778271
Brandon Bass,LAL,31,33,66,7.2,4.3,1.1,8.183579,7.744073,-0.203550213,0.282483159,-0.413892843
Brandon Jennings,ORL,26,10,48,6.9,2,3.5,6.38199,3.0986352,-0.256679386,-0.67380182,0.953857183
Brandon Knight,PHX,24,8,52,19.6,3.9,5.1,10.676724,3.8384576,1.992455597,0.116172728,1.865690533
Brandon Rush,GSW,30,13,72,4.2,2.5,0.8,4.4228835,7.096718,-0.734841942,-0.465913781,-0.584861596
Briante Weber,MIA,23,Undrafted,7,4.4,3.6,3,6.8765593,3.8962421,-0.699422493,-0.008560096,0.668909261
Brook Lopez,BKN,28,10,73,20.6,7.8,2,11.545877,5.5435624,2.16955284,1.73769943,0.099013417
Bruno Caboclo,TOR,20,20,6,0.5,0.3,0.2,-0.09840874,6.5433946,-1.39010174,-1.380621152,-0.926799103
Bryce Cotton,MEM,23,Undrafted,8,1,0,0.4,0.12436167,6.4793158,-1.301553118,-1.505353975,-0.812819934
Bryce Dejean-Jones,NOP,23,Undrafted,14,5.6,3.4,1.1,6.198453,7.742394,-0.486905802,-0.091715311,-0.413892843
C.J. Watson,ORL,32,Undrafted,33,4.3,2,2.7,5.4869356,3.4760597,-0.717132217,-0.67380182,0.497940507
CJ McCollum,POR,24,10,80,20.8,3.2,4.3,10.560542,3.916019,2.204972288,-0.174870527,1.409773858
Chris Kaman,POR,34,6,16,2.8,1.5,0.7,2.5707524,6.0794134,-0.982778081,-0.881689859,-0.641851181
CJ Miles,IND,29,34,64,11.8,2.7,1,7.557813,5.9167333,0.611097103,-0.382758566,-0.470882427
Cameron Bairstow,DET,25,49,18,1.9,1.6,0.3,1.8281255,7.292622,-1.1421656,-0.840112251,-0.869809518
Cameron Payne,OKC,21,14,57,5,1.5,1.9,4.990321,4.0595717,-0.593164147,-0.881689859,0.042023832
Carl Landry,PHI,32,31,36,9.8,4.1,0.9,8.318732,6.9617105,0.256902618,0.199327943,-0.527872012
Carmelo Anthony,NYK,32,3,72,21.8,7.7,4.2,11.482756,4.7493715,2.382069531,1.696121823,1.352784273
Caron Butler,SAC,36,10,17,3.7,1.3,0.6,2.920895,5.9480877,-0.823390563,-0.964845074,-0.698840765
Chandler Parsons,DAL,27,38,61,13.7,4.7,2.8,9.87236,5.8940196,0.947581865,0.44879359,0.554930092
Channing Frye,CLE,33,8,70,6.1,3.3,1,6.1772666,7.5270824,-0.39835718,-0.133292919,-0.470882427
Charlie Villanueva,DAL,31,7,62,5.1,2.5,0.4,5.0370955,7.2857637,-0.575454423,-0.465913781,-0.812819934
Chase Budinger,PHX,28,44,66,4.1,2.3,1,4.375817,6.7940063,-0.752551666,-0.549068997,-0.470882427
Chris Andersen,MEM,37,Undrafted,27,3.9,3.6,0.4,5.411993,8.713662,-0.787971114,-0.008560096,-0.812819934
Chris Bosh,MIA,32,4,53,19.1,7.4,2.4,11.572801,5.492138,1.903906976,1.571388999,0.326971754
Chris Copeland,MIL,32,Undrafted,24,2.1,0.4,0.5,0.9946136,6.4368906,-1.106746151,-1.339043544,-0.755830349
CJ Wilcox,LAC,25,28,23,3,0.5,0.4,1.071381,6.466243,-0.947358633,-1.297465936,-0.812819934
Zaza Pachulia,DAL,32,42,76,8.6,9.4,1.7,11.395388,7.254845,0.044385927,2.402941155,-0.071955337
Monta Ellis,IND,30,40,81,13.8,3.3,4.7,9.566867,2.9976332,0.965291589,-0.133292919,1.637732195